intervention_type,scenario_name,cost_band,lmci_gain,simulated_daily_ridership_gain,simulated_conversion_gain,network_value_score,simulation_priority_score,intervention_type_rank
multimodal,Integrated Multimodal Hub,High,1.568561403508772,35.60409824561404,6.408737684210526,6.59430271994722,73.75456140350877,1
feeder,Feeder Shuttle Integration,Medium,1.143614035087719,31.20251228070175,5.616452210526315,5.299017159826949,55.785438596491225,2
frequency,Bus Frequency Enhancement,Medium,0.9356842105263157,30.144799999999996,5.426063999999999,4.852779599607565,47.75333333333334,3
micromobility,E-Rickshaw Last-Mile Loop,Low,0.7277543859649123,29.08708771929825,5.235675789473685,4.468131745232501,39.96666666666667,4
walkability,Pedestrian Access Upgrade,Low,0.5198245614035087,28.029375438596492,5.045287578947368,4.137935070385967,32.398947368421055,5
